Model,Model_Version,Rank,Feature,SHAP_Importance
KNN,unknown,1,Tx_peak_frequency,0.013516773876
KNN,unknown,2,Ty_peak_frequency,0.012751938169
KNN,unknown,3,Fx_peak_frequency,0.012345998676
KNN,unknown,4,Fy_peak_frequency,0.010992711331
KNN,unknown,5,Tz_entropy,0.010601374836
KNN,unknown,6,Tx_zero_crossing_rate,0.009489720277
KNN,unknown,7,Fz_peak_frequency,0.008083927526
KNN,unknown,8,Tz_zero_crossing_rate,0.007940323796
KNN,unknown,9,Fy_zero_crossing_rate,0.007670830469
KNN,unknown,10,Fz_zero_crossing_rate,0.007011493973
KNN,unknown,11,Ty_crest_factor,0.006544551620
KNN,unknown,12,Fz_crest_factor,0.006374924736
KNN,unknown,13,Fy_entropy,0.006071103912
KNN,unknown,14,Fx_zero_crossing_rate,0.005957159847
KNN,unknown,15,Fz_peak_to_peak,0.005906260884
KNN,unknown,16,Ty_zero_crossing_rate,0.005436167822
KNN,unknown,17,Tz_shape_factor,0.005314655853
KNN,unknown,18,Ty_shape_factor,0.005262650973
KNN,unknown,19,Tx_crest_factor,0.004869328552
KNN,unknown,20,Tz_crest_factor,0.004857518039
KNN,unknown,21,Tx_min,0.004764315830
KNN,unknown,22,Ty_mean,0.004692959697
KNN,unknown,23,Fz_shape_factor,0.004647687398
KNN,unknown,24,Fy_shape_factor,0.004542138732
KNN,unknown,25,Fx_entropy,0.004459502557
KNN,unknown,26,Fz_min,0.004392285507
KNN,unknown,27,Tx_shape_factor,0.004356277970
KNN,unknown,28,Tx_skewness,0.004055154999
KNN,unknown,29,Fx_shape_factor,0.004051769029
KNN,unknown,30,Fy_mean,0.004032829334
KNN,unknown,31,Fz_max,0.004018114504
KNN,unknown,32,Tx_mean_abs,0.003967201308
KNN,unknown,33,Fx_kurtosis,0.003938231234
KNN,unknown,34,Ty_max,0.003777154475
KNN,unknown,35,Ty_rms,0.003636640983
KNN,unknown,36,Tx_max,0.003561929280
KNN,unknown,37,Ty_skewness,0.003537002822
KNN,unknown,38,Tx_rms,0.003503598499
KNN,unknown,39,Ty_entropy,0.003460168161
KNN,unknown,40,Tz_skewness,0.003450573870
KNN,unknown,41,Fx_skewness,0.003297485357
KNN,unknown,42,Tx_last,0.003196317171
KNN,unknown,43,Tx_p90,0.003116561978
KNN,unknown,44,Fy_skewness,0.003104180774
KNN,unknown,45,Fz_last,0.002925635314
KNN,unknown,46,Tz_peak_frequency,0.002925575576
KNN,unknown,47,Tz_p90,0.002868578499
KNN,unknown,48,Fy_crest_factor,0.002826288358
KNN,unknown,49,Fz_kurtosis,0.002825007653
KNN,unknown,50,Fx_max,0.002815188296
KNN,unknown,51,Fy_kurtosis,0.002730000294
KNN,unknown,52,Fz_mean,0.002684434898
KNN,unknown,53,Ty_p90,0.002665400818
KNN,unknown,54,Tx_median,0.002638489458
KNN,unknown,55,Ty_mean_abs,0.002638487958
KNN,unknown,56,Tz_kurtosis,0.002635163707
KNN,unknown,57,Fx_std,0.002564129004
KNN,unknown,58,Fz_first,0.002559572998
KNN,unknown,59,Fy_first,0.002552211174
KNN,unknown,60,Fz_rms,0.002488612573
KNN,unknown,61,Fy_peak_to_peak,0.002472989033
KNN,unknown,62,Tx_mean,0.002468720256
KNN,unknown,63,Tz_std,0.002457731352
KNN,unknown,64,Fx_crest_factor,0.002381492149
KNN,unknown,65,Fz_p90,0.002367986944
KNN,unknown,66,Fz_slope,0.002321094800
KNN,unknown,67,Fz_mean_abs,0.002312748197
KNN,unknown,68,Ty_peak_to_peak,0.002304388958
KNN,unknown,69,Fy_median,0.002137451210
KNN,unknown,70,Tx_std,0.002133128042
KNN,unknown,71,Tx_first,0.002089635934
KNN,unknown,72,Tz_median,0.002017959550
KNN,unknown,73,Fz_skewness,0.002015455229
KNN,unknown,74,Tx_peak_to_peak,0.001890763423
KNN,unknown,75,Tz_cv,0.001859181336
KNN,unknown,76,Tx_iqr,0.001796009067
KNN,unknown,77,Fy_power,0.001720581606
KNN,unknown,78,Fz_std,0.001695630389
KNN,unknown,79,Ty_std,0.001670721758
KNN,unknown,80,Fx_peak_to_peak,0.001658431578
KNN,unknown,81,Fy_mean_abs,0.001538297495
KNN,unknown,82,Ty_median,0.001439615572
KNN,unknown,83,Fy_std,0.001433174197
KNN,unknown,84,Ty_iqr,0.001425371268
KNN,unknown,85,Fx_p90,0.001419201732
KNN,unknown,86,Tz_last,0.001401293869
KNN,unknown,87,Fy_min,0.001363534696
KNN,unknown,88,Ty_energy,0.001347376121
KNN,unknown,89,Tx_power,0.001338081191
KNN,unknown,90,Ty_variance,0.001331101081
KNN,unknown,91,Tz_rms,0.001321401329
KNN,unknown,92,Tz_min,0.001277503200
KNN,unknown,93,Tz_max,0.001253834187
KNN,unknown,94,Fz_energy,0.001215153012
KNN,unknown,95,Tz_mean_abs,0.001212340557
KNN,unknown,96,Ty_kurtosis,0.001135374986
KNN,unknown,97,Fx_cv,0.001078846837
KNN,unknown,98,Fy_p90,0.001061684718
KNN,unknown,99,Fx_iqr,0.001047391936
KNN,unknown,100,Ty_min,0.001033311120
KNN,unknown,101,Tz_mean,0.000983539947
KNN,unknown,102,Tx_kurtosis,0.000980519676
KNN,unknown,103,Tz_peak_to_peak,0.000971758826
KNN,unknown,104,Fx_rms,0.000938910363
KNN,unknown,105,Fx_slope,0.000904577136
KNN,unknown,106,Fz_power,0.000869994678
KNN,unknown,107,Tx_energy,0.000863849698
KNN,unknown,108,Fx_min,0.000828868283
KNN,unknown,109,Tx_slope,0.000823473308
KNN,unknown,110,Fz_entropy,0.000754296729
KNN,unknown,111,Fy_iqr,0.000751993283
KNN,unknown,112,Fz_variance,0.000738220922
KNN,unknown,113,Fz_median,0.000714575013
KNN,unknown,114,Tx_cv,0.000712956381
KNN,unknown,115,Fx_last,0.000695850831
KNN,unknown,116,Fy_max,0.000679266179
KNN,unknown,117,Tz_iqr,0.000677302282
KNN,unknown,118,Ty_last,0.000668069373
KNN,unknown,119,Fy_last,0.000652046551
KNN,unknown,120,Tz_power,0.000578454853
KNN,unknown,121,Fx_variance,0.000570029957
KNN,unknown,122,Fy_rms,0.000480784845
KNN,unknown,123,Tz_slope,0.000474774896
KNN,unknown,124,Fy_variance,0.000423932007
KNN,unknown,125,Fx_mean,0.000417170601
KNN,unknown,126,Fy_energy,0.000365610768
KNN,unknown,127,Fx_power,0.000297692836
KNN,unknown,128,Ty_cv,0.000281839822
KNN,unknown,129,Fx_mean_abs,0.000274862565
KNN,unknown,130,Fz_iqr,0.000260144778
KNN,unknown,131,Tz_variance,0.000195868835
KNN,unknown,132,Ty_slope,0.000183141853
KNN,unknown,133,Fy_slope,0.000150642761
KNN,unknown,134,Tx_entropy,0.000148959269
KNN,unknown,135,Tz_energy,0.000137641873
KNN,unknown,136,Fz_cv,0.000125579750
KNN,unknown,137,Tx_variance,0.000121144194
KNN,unknown,138,Fx_median,0.000120496324
KNN,unknown,139,Fy_cv,0.000111427240
KNN,unknown,140,Fx_energy,0.000000000000
KNN,unknown,141,Fx_first,0.000000000000
KNN,unknown,142,Ty_power,0.000000000000
KNN,unknown,143,Ty_first,0.000000000000
KNN,unknown,144,Tz_first,0.000000000000
SVM,unknown,1,Ty_peak_frequency,0.021894069485
SVM,unknown,2,Tx_crest_factor,0.017829729957
SVM,unknown,3,Ty_crest_factor,0.016646815463
SVM,unknown,4,Fz_peak_frequency,0.015987928375
SVM,unknown,5,Fy_entropy,0.015758672871
SVM,unknown,6,Tx_peak_frequency,0.013118974396
SVM,unknown,7,Fz_shape_factor,0.012232835871
SVM,unknown,8,Fx_peak_frequency,0.012013518865
SVM,unknown,9,Fz_min,0.010738172182
SVM,unknown,10,Tz_entropy,0.010284619595
SVM,unknown,11,Tx_shape_factor,0.009370323548
SVM,unknown,12,Fy_zero_crossing_rate,0.009298818611
SVM,unknown,13,Fz_peak_to_peak,0.009261399304
SVM,unknown,14,Ty_zero_crossing_rate,0.008426461366
SVM,unknown,15,Fz_std,0.008070729736
SVM,unknown,16,Fy_peak_frequency,0.007687055418
SVM,unknown,17,Tx_rms,0.007377225198
SVM,unknown,18,Ty_shape_factor,0.007155615531
SVM,unknown,19,Fx_zero_crossing_rate,0.006667545957
SVM,unknown,20,Fz_rms,0.006258514044
SVM,unknown,21,Tx_zero_crossing_rate,0.006056435345
SVM,unknown,22,Tx_mean_abs,0.005450304241
SVM,unknown,23,Fz_last,0.005142598694
SVM,unknown,24,Fz_zero_crossing_rate,0.004942276607
SVM,unknown,25,Tz_peak_frequency,0.004363619116
SVM,unknown,26,Fz_mean_abs,0.004086765926
SVM,unknown,27,Ty_skewness,0.003970165047
SVM,unknown,28,Fz_skewness,0.003696545165
SVM,unknown,29,Fz_kurtosis,0.003005145119
SVM,unknown,30,Fx_entropy,0.002745784484
SVM,unknown,31,Tz_zero_crossing_rate,0.002702978984
SVM,unknown,32,Fz_crest_factor,0.002621221560
SVM,unknown,33,Fx_crest_factor,0.002524627666
SVM,unknown,34,Tz_kurtosis,0.002448684425
SVM,unknown,35,Tx_entropy,0.002325190836
SVM,unknown,36,Tx_min,0.002204061143
SVM,unknown,37,Tz_shape_factor,0.001934617928
SVM,unknown,38,Tx_std,0.001899590150
SVM,unknown,39,Fy_p90,0.001820821393
SVM,unknown,40,Ty_entropy,0.001802409615
SVM,unknown,41,Fy_max,0.001519915813
SVM,unknown,42,Tx_energy,0.001516977333
SVM,unknown,43,Fz_energy,0.001461107168
SVM,unknown,44,Tx_last,0.001454093062
SVM,unknown,45,Fz_entropy,0.001340840539
SVM,unknown,46,Tx_kurtosis,0.001282289817
SVM,unknown,47,Fy_median,0.001135287663
SVM,unknown,48,Ty_peak_to_peak,0.001107982428
SVM,unknown,49,Tx_power,0.001107547899
SVM,unknown,50,Ty_variance,0.001006333076
SVM,unknown,51,Ty_rms,0.001005448402
SVM,unknown,52,Fz_power,0.000992983578
SVM,unknown,53,Fx_skewness,0.000975009146
SVM,unknown,54,Fx_shape_factor,0.000961162253
SVM,unknown,55,Fz_mean,0.000957230902
SVM,unknown,56,Ty_power,0.000938934605
SVM,unknown,57,Tx_iqr,0.000931945840
SVM,unknown,58,Fz_first,0.000924314541
SVM,unknown,59,Fx_last,0.000922633987
SVM,unknown,60,Ty_energy,0.000897009101
SVM,unknown,61,Ty_mean_abs,0.000880821342
SVM,unknown,62,Fz_iqr,0.000866459655
SVM,unknown,63,Fz_median,0.000841694759
SVM,unknown,64,Fx_median,0.000825313172
SVM,unknown,65,Tx_cv,0.000815718134
SVM,unknown,66,Tx_mean,0.000749787109
SVM,unknown,67,Ty_cv,0.000743070845
SVM,unknown,68,Ty_max,0.000725937201
SVM,unknown,69,Fx_max,0.000699497505
SVM,unknown,70,Fx_kurtosis,0.000694702019
SVM,unknown,71,Fz_p90,0.000690678916
SVM,unknown,72,Fy_last,0.000679620930
SVM,unknown,73,Ty_iqr,0.000672296797
SVM,unknown,74,Ty_p90,0.000661459016
SVM,unknown,75,Tz_p90,0.000630908530
SVM,unknown,76,Tz_rms,0.000619123189
SVM,unknown,77,Tz_cv,0.000611060011
SVM,unknown,78,Tx_peak_to_peak,0.000554810747
SVM,unknown,79,Ty_mean,0.000548123090
SVM,unknown,80,Tz_mean_abs,0.000527214369
SVM,unknown,81,Tz_iqr,0.000471101177
SVM,unknown,82,Ty_std,0.000443288307
SVM,unknown,83,Tz_last,0.000430997794
SVM,unknown,84,Tz_skewness,0.000420747533
SVM,unknown,85,Tz_peak_to_peak,0.000379418235
SVM,unknown,86,Fy_kurtosis,0.000275067766
SVM,unknown,87,Fz_max,0.000257277814
SVM,unknown,88,Fx_rms,0.000250692406
SVM,unknown,89,Fz_variance,0.000232683110
SVM,unknown,90,Fx_cv,0.000224942354
SVM,unknown,91,Fx_mean_abs,0.000183475511
SVM,unknown,92,Fy_peak_to_peak,0.000179103593
SVM,unknown,93,Fy_mean_abs,0.000159864542
SVM,unknown,94,Fx_iqr,0.000156685280
SVM,unknown,95,Fx_peak_to_peak,0.000146880936
SVM,unknown,96,Fy_mean,0.000140996216
SVM,unknown,97,Fx_p90,0.000139366855
SVM,unknown,98,Ty_kurtosis,0.000115727048
SVM,unknown,99,Fy_cv,0.000107502068
SVM,unknown,100,Tz_crest_factor,0.000105870650
SVM,unknown,101,Ty_min,0.000090984610
SVM,unknown,102,Fy_min,0.000074531660
SVM,unknown,103,Ty_slope,0.000058895488
SVM,unknown,104,Fx_mean,0.000027219633
SVM,unknown,105,Tx_variance,0.000021447858
SVM,unknown,106,Fx_std,0.000000000000
SVM,unknown,107,Fx_min,0.000000000000
SVM,unknown,108,Fx_energy,0.000000000000
SVM,unknown,109,Fx_power,0.000000000000
SVM,unknown,110,Fx_first,0.000000000000
SVM,unknown,111,Fx_variance,0.000000000000
SVM,unknown,112,Fx_slope,0.000000000000
SVM,unknown,113,Fy_std,0.000000000000
SVM,unknown,114,Fy_iqr,0.000000000000
SVM,unknown,115,Fy_skewness,0.000000000000
SVM,unknown,116,Fy_rms,0.000000000000
SVM,unknown,117,Fy_energy,0.000000000000
SVM,unknown,118,Fy_power,0.000000000000
SVM,unknown,119,Fy_first,0.000000000000
SVM,unknown,120,Fy_variance,0.000000000000
SVM,unknown,121,Fy_slope,0.000000000000
SVM,unknown,122,Fy_crest_factor,0.000000000000
SVM,unknown,123,Fy_shape_factor,0.000000000000
SVM,unknown,124,Fz_cv,0.000000000000
SVM,unknown,125,Fz_slope,0.000000000000
SVM,unknown,126,Tx_max,0.000000000000
SVM,unknown,127,Tx_median,0.000000000000
SVM,unknown,128,Tx_skewness,0.000000000000
SVM,unknown,129,Tx_first,0.000000000000
SVM,unknown,130,Tx_p90,0.000000000000
SVM,unknown,131,Tx_slope,0.000000000000
SVM,unknown,132,Ty_median,0.000000000000
SVM,unknown,133,Ty_first,0.000000000000
SVM,unknown,134,Ty_last,0.000000000000
SVM,unknown,135,Tz_mean,0.000000000000
SVM,unknown,136,Tz_std,0.000000000000
SVM,unknown,137,Tz_max,0.000000000000
SVM,unknown,138,Tz_min,0.000000000000
SVM,unknown,139,Tz_median,0.000000000000
SVM,unknown,140,Tz_energy,0.000000000000
SVM,unknown,141,Tz_power,0.000000000000
SVM,unknown,142,Tz_first,0.000000000000
SVM,unknown,143,Tz_variance,0.000000000000
SVM,unknown,144,Tz_slope,0.000000000000
MLP,unknown,1,Ty_peak_frequency,0.035284992844
MLP,unknown,2,Fy_entropy,0.019878332426
MLP,unknown,3,Tx_peak_frequency,0.017003278222
MLP,unknown,4,Tx_crest_factor,0.015060181763
MLP,unknown,5,Fz_peak_frequency,0.014794013035
MLP,unknown,6,Fz_min,0.014684758280
MLP,unknown,7,Fz_zero_crossing_rate,0.014119957518
MLP,unknown,8,Fz_rms,0.013344278663
MLP,unknown,9,Ty_zero_crossing_rate,0.013064974130
MLP,unknown,10,Fz_shape_factor,0.010694228831
MLP,unknown,11,Fz_std,0.009864616707
MLP,unknown,12,Ty_crest_factor,0.009746318698
MLP,unknown,13,Tx_shape_factor,0.009634644810
MLP,unknown,14,Fx_peak_frequency,0.009565719081
MLP,unknown,15,Tz_zero_crossing_rate,0.009148813360
MLP,unknown,16,Fy_zero_crossing_rate,0.009090233912
MLP,unknown,17,Ty_shape_factor,0.009066936529
MLP,unknown,18,Fz_last,0.007508627581
MLP,unknown,19,Tx_rms,0.007370010969
MLP,unknown,20,Tz_entropy,0.006702746311
MLP,unknown,21,Tz_kurtosis,0.006538096394
MLP,unknown,22,Fy_peak_frequency,0.006463564218
MLP,unknown,23,Fz_peak_to_peak,0.005998143538
MLP,unknown,24,Tx_zero_crossing_rate,0.005525441916
MLP,unknown,25,Tx_min,0.005438743458
MLP,unknown,26,Fz_p90,0.005298537155
MLP,unknown,27,Tx_energy,0.004878085544
MLP,unknown,28,Fx_zero_crossing_rate,0.004866929985
MLP,unknown,29,Tx_std,0.004771470653
MLP,unknown,30,Fz_skewness,0.004616164294
MLP,unknown,31,Tx_kurtosis,0.003946693404
MLP,unknown,32,Fz_crest_factor,0.003316615245
MLP,unknown,33,Tx_mean,0.003052543416
MLP,unknown,34,Fz_entropy,0.002926759375
MLP,unknown,35,Ty_p90,0.002693474489
MLP,unknown,36,Tx_power,0.002637781917
MLP,unknown,37,Ty_entropy,0.002557701979
MLP,unknown,38,Tz_peak_frequency,0.002399728440
MLP,unknown,39,Fz_mean_abs,0.002379484323
MLP,unknown,40,Fz_kurtosis,0.002307119520
MLP,unknown,41,Ty_rms,0.002285080756
MLP,unknown,42,Ty_skewness,0.002200561320
MLP,unknown,43,Tx_last,0.002156768680
MLP,unknown,44,Fx_kurtosis,0.002139812510
MLP,unknown,45,Fz_power,0.002138123951
MLP,unknown,46,Tz_iqr,0.001663932780
MLP,unknown,47,Ty_max,0.001588213818
MLP,unknown,48,Fx_cv,0.001501761519
MLP,unknown,49,Tz_rms,0.001457803826
MLP,unknown,50,Fz_max,0.001426532591
MLP,unknown,51,Fx_peak_to_peak,0.001372940948
MLP,unknown,52,Ty_cv,0.001321730717
MLP,unknown,53,Ty_power,0.001281214435
MLP,unknown,54,Ty_energy,0.001245156440
MLP,unknown,55,Fx_skewness,0.001216905353
MLP,unknown,56,Fz_variance,0.001209331959
MLP,unknown,57,Fx_mean_abs,0.001155692868
MLP,unknown,58,Fy_p90,0.001142117168
MLP,unknown,59,Ty_iqr,0.001103032719
MLP,unknown,60,Fz_mean,0.001049462152
MLP,unknown,61,Fz_iqr,0.001018879775
MLP,unknown,62,Fx_crest_factor,0.000951741866
MLP,unknown,63,Fy_mean_abs,0.000949551287
MLP,unknown,64,Ty_min,0.000934053476
MLP,unknown,65,Tx_max,0.000923670218
MLP,unknown,66,Fy_median,0.000880113593
MLP,unknown,67,Tz_slope,0.000842939141
MLP,unknown,68,Tz_max,0.000824989802
MLP,unknown,69,Fx_max,0.000811743713
MLP,unknown,70,Fx_shape_factor,0.000718780539
MLP,unknown,71,Fy_first,0.000705681212
MLP,unknown,72,Ty_peak_to_peak,0.000647683992
MLP,unknown,73,Tz_shape_factor,0.000622413490
MLP,unknown,74,Ty_variance,0.000592866604
MLP,unknown,75,Tx_cv,0.000578977174
MLP,unknown,76,Fx_iqr,0.000578900201
MLP,unknown,77,Tx_p90,0.000559687617
MLP,unknown,78,Tz_skewness,0.000531983447
MLP,unknown,79,Fx_entropy,0.000478408013
MLP,unknown,80,Fy_min,0.000471345578
MLP,unknown,81,Ty_last,0.000468838037
MLP,unknown,82,Fy_mean,0.000447319792
MLP,unknown,83,Tx_iqr,0.000441321688
MLP,unknown,84,Fx_p90,0.000422010439
MLP,unknown,85,Tz_crest_factor,0.000407078400
MLP,unknown,86,Fz_slope,0.000381806938
MLP,unknown,87,Tx_entropy,0.000333425014
MLP,unknown,88,Tz_peak_to_peak,0.000321729482
MLP,unknown,89,Tz_mean_abs,0.000308145419
MLP,unknown,90,Ty_first,0.000299349336
MLP,unknown,91,Fy_std,0.000298256919
MLP,unknown,92,Fy_max,0.000283660896
MLP,unknown,93,Tz_energy,0.000274592559
MLP,unknown,94,Fx_rms,0.000273292904
MLP,unknown,95,Tz_mean,0.000258915301
MLP,unknown,96,Fz_energy,0.000240877148
MLP,unknown,97,Ty_slope,0.000222025839
MLP,unknown,98,Fy_variance,0.000220757297
MLP,unknown,99,Fy_rms,0.000199042144
MLP,unknown,100,Fz_median,0.000171798170
MLP,unknown,101,Fx_mean,0.000168171743
MLP,unknown,102,Tz_last,0.000168018090
MLP,unknown,103,Tx_skewness,0.000167031101
MLP,unknown,104,Fx_first,0.000166694824
MLP,unknown,105,Tx_median,0.000166216670
MLP,unknown,106,Tz_median,0.000164242040
MLP,unknown,107,Tz_cv,0.000163403931
MLP,unknown,108,Ty_std,0.000147780341
MLP,unknown,109,Fy_iqr,0.000141263555
MLP,unknown,110,Fx_median,0.000137750287
MLP,unknown,111,Ty_kurtosis,0.000134544805
MLP,unknown,112,Fx_last,0.000125230715
MLP,unknown,113,Fy_power,0.000121277488
MLP,unknown,114,Tx_peak_to_peak,0.000118183748
MLP,unknown,115,Ty_mean_abs,0.000114085091
MLP,unknown,116,Fy_skewness,0.000074026049
MLP,unknown,117,Fy_crest_factor,0.000050448477
MLP,unknown,118,Fx_std,0.000000000000
MLP,unknown,119,Fx_min,0.000000000000
MLP,unknown,120,Fx_energy,0.000000000000
MLP,unknown,121,Fx_power,0.000000000000
MLP,unknown,122,Fx_variance,0.000000000000
MLP,unknown,123,Fx_slope,0.000000000000
MLP,unknown,124,Fy_kurtosis,0.000000000000
MLP,unknown,125,Fy_energy,0.000000000000
MLP,unknown,126,Fy_last,0.000000000000
MLP,unknown,127,Fy_peak_to_peak,0.000000000000
MLP,unknown,128,Fy_cv,0.000000000000
MLP,unknown,129,Fy_slope,0.000000000000
MLP,unknown,130,Fy_shape_factor,0.000000000000
MLP,unknown,131,Fz_first,0.000000000000
MLP,unknown,132,Fz_cv,0.000000000000
MLP,unknown,133,Tx_mean_abs,0.000000000000
MLP,unknown,134,Tx_first,0.000000000000
MLP,unknown,135,Tx_variance,0.000000000000
MLP,unknown,136,Tx_slope,0.000000000000
MLP,unknown,137,Ty_mean,0.000000000000
MLP,unknown,138,Ty_median,0.000000000000
MLP,unknown,139,Tz_std,0.000000000000
MLP,unknown,140,Tz_min,0.000000000000
MLP,unknown,141,Tz_power,0.000000000000
MLP,unknown,142,Tz_first,0.000000000000
MLP,unknown,143,Tz_variance,0.000000000000
MLP,unknown,144,Tz_p90,0.000000000000
LightGBM,unknown,1,Fz_std,0.372958713867
LightGBM,unknown,2,Fz_mean_abs,0.283271037229
LightGBM,unknown,3,Fz_peak_frequency,0.242494324713
LightGBM,unknown,4,Ty_iqr,0.218314534753
LightGBM,unknown,5,Fx_rms,0.187165635939
LightGBM,unknown,6,Fz_rms,0.178817521671
LightGBM,unknown,7,Fz_mean,0.169911618046
LightGBM,unknown,8,Fx_min,0.165973858869
LightGBM,unknown,9,Fz_energy,0.150791192736
LightGBM,unknown,10,Fy_max,0.119069875212
LightGBM,unknown,11,Fz_variance,0.119035008617
LightGBM,unknown,12,Fy_mean_abs,0.114024418934
LightGBM,unknown,13,Ty_cv,0.111288837396
LightGBM,unknown,14,Fz_slope,0.103673762482
LightGBM,unknown,15,Fz_peak_to_peak,0.100387346834
LightGBM,unknown,16,Fz_power,0.088798799766
LightGBM,unknown,17,Fx_mean_abs,0.080320423513
LightGBM,unknown,18,Tx_cv,0.078074262364
LightGBM,unknown,19,Fz_min,0.077961278588
LightGBM,unknown,20,Fx_energy,0.076287715687
LightGBM,unknown,21,Ty_std,0.075573386394
LightGBM,unknown,22,Tx_shape_factor,0.074202263475
LightGBM,unknown,23,Tz_shape_factor,0.070629898332
LightGBM,unknown,24,Tx_rms,0.070562886870
LightGBM,unknown,25,Fz_iqr,0.070040227103
LightGBM,unknown,26,Ty_shape_factor,0.069178043442
LightGBM,unknown,27,Tx_energy,0.064419984187
LightGBM,unknown,28,Ty_min,0.062047961074
LightGBM,unknown,29,Fy_peak_frequency,0.061612842531
LightGBM,unknown,30,Fx_last,0.061033315085
LightGBM,unknown,31,Tx_min,0.060176107229
LightGBM,unknown,32,Fy_rms,0.059066071808
LightGBM,unknown,33,Fz_last,0.057056457707
LightGBM,unknown,34,Ty_p90,0.056224598489
LightGBM,unknown,35,Fx_shape_factor,0.056190592214
LightGBM,unknown,36,Fx_std,0.054502759510
LightGBM,unknown,37,Fy_first,0.054035429932
LightGBM,unknown,38,Tx_zero_crossing_rate,0.051011033213
LightGBM,unknown,39,Tx_peak_frequency,0.050172335588
LightGBM,unknown,40,Tx_crest_factor,0.049633408365
LightGBM,unknown,41,Tz_mean_abs,0.048628586304
LightGBM,unknown,42,Fx_entropy,0.048510593449
LightGBM,unknown,43,Fx_skewness,0.046491860161
LightGBM,unknown,44,Tz_rms,0.043153355996
LightGBM,unknown,45,Tz_peak_to_peak,0.042854379529
LightGBM,unknown,46,Tz_mean,0.042644108810
LightGBM,unknown,47,Fy_median,0.042283749819
LightGBM,unknown,48,Fx_slope,0.040525778055
LightGBM,unknown,49,Tz_last,0.036649148633
LightGBM,unknown,50,Ty_slope,0.035809179100
LightGBM,unknown,51,Fy_energy,0.035359896433
LightGBM,unknown,52,Ty_peak_frequency,0.034671134398
LightGBM,unknown,53,Tx_power,0.034643780941
LightGBM,unknown,54,Tz_kurtosis,0.032521346785
LightGBM,unknown,55,Ty_first,0.031618859451
LightGBM,unknown,56,Tz_skewness,0.030911530574
LightGBM,unknown,57,Tx_peak_to_peak,0.029907011638
LightGBM,unknown,58,Fx_p90,0.028622880508
LightGBM,unknown,59,Ty_energy,0.028208238877
LightGBM,unknown,60,Tx_first,0.027375298663
LightGBM,unknown,61,Ty_median,0.026640836597
LightGBM,unknown,62,Fx_peak_frequency,0.025735067094
LightGBM,unknown,63,Tx_mean_abs,0.025182768452
LightGBM,unknown,64,Fy_mean,0.024698628226
LightGBM,unknown,65,Ty_kurtosis,0.024212713039
LightGBM,unknown,66,Fz_entropy,0.024065257714
LightGBM,unknown,67,Ty_rms,0.023979953667
LightGBM,unknown,68,Tx_max,0.023750531455
LightGBM,unknown,69,Fx_variance,0.023146120041
LightGBM,unknown,70,Fx_power,0.022614143782
LightGBM,unknown,71,Ty_max,0.022600975162
LightGBM,unknown,72,Fy_p90,0.022319726683
LightGBM,unknown,73,Tz_iqr,0.021720343969
LightGBM,unknown,74,Fz_cv,0.021576395021
LightGBM,unknown,75,Fz_first,0.020906018406
LightGBM,unknown,76,Fz_shape_factor,0.019320676771
LightGBM,unknown,77,Tz_energy,0.019263124677
LightGBM,unknown,78,Fz_crest_factor,0.018322280654
LightGBM,unknown,79,Fz_skewness,0.017432007408
LightGBM,unknown,80,Fy_peak_to_peak,0.017261591148
LightGBM,unknown,81,Fx_iqr,0.017171726511
LightGBM,unknown,82,Fy_kurtosis,0.017162577742
LightGBM,unknown,83,Fy_entropy,0.016613370547
LightGBM,unknown,84,Tz_slope,0.016487057809
LightGBM,unknown,85,Tz_std,0.015695325028
LightGBM,unknown,86,Fy_shape_factor,0.014142437138
LightGBM,unknown,87,Ty_peak_to_peak,0.013650614088
LightGBM,unknown,88,Fz_kurtosis,0.013262625095
LightGBM,unknown,89,Ty_zero_crossing_rate,0.013190619874
LightGBM,unknown,90,Ty_mean,0.013034011740
LightGBM,unknown,91,Ty_entropy,0.012810000970
LightGBM,unknown,92,Fx_first,0.012283688827
LightGBM,unknown,93,Tz_crest_factor,0.012235552106
LightGBM,unknown,94,Fx_mean,0.012096032541
LightGBM,unknown,95,Tz_entropy,0.012081056907
LightGBM,unknown,96,Fx_zero_crossing_rate,0.011865827684
LightGBM,unknown,97,Tx_skewness,0.011423223465
LightGBM,unknown,98,Ty_mean_abs,0.011297199028
LightGBM,unknown,99,Tx_std,0.010799359519
LightGBM,unknown,100,Fy_slope,0.010775545363
LightGBM,unknown,101,Tx_entropy,0.010352387560
LightGBM,unknown,102,Fx_kurtosis,0.009754610886
LightGBM,unknown,103,Fx_peak_to_peak,0.009525825978
LightGBM,unknown,104,Fx_crest_factor,0.009418700973
LightGBM,unknown,105,Ty_skewness,0.008620708364
LightGBM,unknown,106,Tz_median,0.008398401828
LightGBM,unknown,107,Fy_skewness,0.008054999533
LightGBM,unknown,108,Tx_kurtosis,0.007772834567
LightGBM,unknown,109,Fy_power,0.007672219153
LightGBM,unknown,110,Fz_median,0.007658767767
LightGBM,unknown,111,Fy_cv,0.007475311383
LightGBM,unknown,112,Fx_cv,0.007197859161
LightGBM,unknown,113,Tx_p90,0.006697286317
LightGBM,unknown,114,Tx_last,0.006420232262
LightGBM,unknown,115,Fy_zero_crossing_rate,0.006301873249
LightGBM,unknown,116,Fx_max,0.006017314427
LightGBM,unknown,117,Fy_iqr,0.005940752264
LightGBM,unknown,118,Fz_p90,0.005552349984
LightGBM,unknown,119,Tx_mean,0.005480343481
LightGBM,unknown,120,Fy_min,0.005375496891
LightGBM,unknown,121,Fy_std,0.005164911229
LightGBM,unknown,122,Ty_variance,0.005102038132
LightGBM,unknown,123,Ty_power,0.004911740109
LightGBM,unknown,124,Ty_crest_factor,0.004843015640
LightGBM,unknown,125,Tz_zero_crossing_rate,0.004399067377
LightGBM,unknown,126,Tz_first,0.004237381061
LightGBM,unknown,127,Fy_last,0.004080514732
LightGBM,unknown,128,Tz_min,0.004053279950
LightGBM,unknown,129,Fy_variance,0.003995458045
LightGBM,unknown,130,Tx_slope,0.003220283702
LightGBM,unknown,131,Tx_iqr,0.002837920557
LightGBM,unknown,132,Fz_max,0.002539134440
LightGBM,unknown,133,Fx_median,0.002077519931
LightGBM,unknown,134,Tz_peak_frequency,0.001726737439
LightGBM,unknown,135,Ty_last,0.001233385609
LightGBM,unknown,136,Fy_crest_factor,0.001183529247
LightGBM,unknown,137,Tx_median,0.000977753914
LightGBM,unknown,138,Tz_cv,0.000889485853
LightGBM,unknown,139,Tx_variance,0.000051003816
LightGBM,unknown,140,Fz_zero_crossing_rate,0.000000000000
LightGBM,unknown,141,Tz_max,0.000000000000
LightGBM,unknown,142,Tz_power,0.000000000000
LightGBM,unknown,143,Tz_variance,0.000000000000
LightGBM,unknown,144,Tz_p90,0.000000000000
